filename,start,end,speaker
92.wav,0.0,8.385333333333334,Grace
92.wav,8.385333333333334,19.747333333333334,Eva
92.wav,19.747333333333334,30.832,Grace
92.wav,30.832,45.576,Eva
92.wav,45.576,56.234,Grace
92.wav,56.234,64.94,Eva
92.wav,64.94,71.33066666666666,Grace
92.wav,71.33066666666666,84.314,Eva
92.wav,84.314,91.67533333333331,Grace
92.wav,91.67533333333331,100.94666666666666,Eva
78.wav,0.0,12.332,Henry
78.wav,12.332,18.11533333333333,Grace
78.wav,18.11533333333333,31.33333333333333,Henry
78.wav,31.33333333333333,39.95333333333333,Cathy
78.wav,39.95333333333333,49.08533333333333,Ben
78.wav,49.08533333333333,54.78266666666666,Grace
78.wav,54.78266666666666,66.518,Alice
78.wav,66.518,75.27733333333333,Henry
147.wav,0.0,7.457333333333334,Frank
147.wav,7.457333333333334,15.011333333333331,Eva
147.wav,15.011333333333331,27.80333333333333,Ben
147.wav,27.80333333333333,37.17066666666667,Isabella
147.wav,37.17066666666667,50.44266666666667,Alice
147.wav,50.44266666666667,59.106,Eva
147.wav,59.106,68.004,Frank
147.wav,68.004,78.62933333333334,Ben
147.wav,78.62933333333334,87.52733333333333,Isabella
147.wav,87.52733333333333,95.35866666666666,Alice
147.wav,95.35866666666666,103.798,Eva
147.wav,103.798,111.02133333333332,Frank
129.wav,0.0,6.113333333333333,Alice
129.wav,6.113333333333333,14.083333333333332,Ben
129.wav,14.083333333333332,22.330666666666666,Henry
129.wav,22.330666666666666,28.348,Alice
129.wav,28.348,36.09333333333333,Ben
129.wav,36.09333333333333,42.356,Henry
129.wav,42.356,50.36866666666667,Alice
129.wav,50.36866666666667,57.22866666666667,Ben
129.wav,57.22866666666667,63.117333333333335,Henry
129.wav,63.117333333333335,69.64666666666668,Alice
129.wav,69.64666666666668,78.87466666666667,Ben
129.wav,78.87466666666667,86.02266666666667,Henry
100.wav,0.0,9.73,Grace
100.wav,9.73,15.15,Cathy
100.wav,15.15,21.69,Eva
100.wav,21.69,30.224666666666668,Isabella
100.wav,30.224666666666668,37.69266666666667,Henry
100.wav,37.69266666666667,43.66733333333333,Grace
100.wav,43.66733333333333,47.60466666666667,Cathy
100.wav,47.60466666666667,52.01133333333333,Eva
100.wav,52.01133333333333,55.254666666666665,Isabella
100.wav,55.254666666666665,62.99933333333333,Henry
85.wav,0.0,6.156,Eva
85.wav,6.156,11.106666666666666,Cathy
85.wav,11.106666666666666,16.58,Frank
85.wav,16.58,19.866666666666664,Alice
85.wav,19.866666666666664,24.678666666666665,Isabella
85.wav,24.678666666666665,30.984,Eva
85.wav,30.984,35.39066666666666,Cathy
85.wav,35.39066666666666,39.79666666666666,Frank
85.wav,39.79666666666666,46.18733333333333,Alice
85.wav,46.18733333333333,50.95666666666666,Isabella
85.wav,50.95666666666666,59.43933333333333,Eva
85.wav,59.43933333333333,65.88333333333333,Cathy
85.wav,65.88333333333333,70.23666666666666,Frank
85.wav,70.23666666666666,74.16333333333333,Alice
85.wav,74.16333333333333,80.746,Isabella
85.wav,80.746,86.07,Eva
85.wav,86.07,91.94866666666664,Cathy
85.wav,91.94866666666664,95.79,Frank
85.wav,95.79,102.37266666666666,Alice
85.wav,102.37266666666666,107.28066666666666,Isabella
85.wav,107.28066666666666,114.73866666666666,Eva
85.wav,114.73866666666666,119.69933333333331,Cathy
85.wav,119.69933333333331,125.354,Frank
85.wav,125.354,130.31533333333334,Alice
85.wav,130.31533333333334,133.32466666666667,Isabella
119.wav,0.0,6.199333333333334,Isabella
119.wav,6.199333333333334,14.671333333333331,Alice
119.wav,14.671333333333331,22.598,Isabella
119.wav,22.598,28.764666666666667,Isabella
24.wav,0.0,8.716,Ben
24.wav,8.716,23.972,Henry
24.wav,23.972,33.286,Alice
24.wav,33.286,44.04,Eva
24.wav,44.04,52.37266666666667,Cathy
24.wav,52.37266666666667,63.414,Ben
24.wav,63.414,73.838,Henry
24.wav,73.838,81.29599999999999,Alice
24.wav,81.29599999999999,88.52933333333333,Eva
24.wav,88.52933333333333,95.16533333333332,Cathy
29.wav,0.0,6.444,Isabella
29.wav,6.444,12.878,David
29.wav,12.878,20.101333333333333,Ben
29.wav,20.101333333333333,25.93733333333333,Isabella
29.wav,25.93733333333333,30.248,David
29.wav,30.248,35.806666666666665,Ben
29.wav,35.806666666666665,41.93066666666667,Isabella
29.wav,41.93066666666667,47.254666666666665,David
29.wav,47.254666666666665,55.78933333333333,Ben
29.wav,55.78933333333333,63.3,Isabella
29.wav,63.3,67.61066666666666,David
29.wav,67.61066666666666,73.318,Ben
29.wav,73.318,79.61333333333333,Isabella
29.wav,79.61333333333333,86.52666666666666,David
29.wav,86.52666666666666,91.478,Ben
29.wav,91.478,97.826,Isabella
29.wav,97.826,102.222,David
29.wav,102.222,105.35933333333332,Ben
187.wav,0.0,12.055333333333332,David
187.wav,12.055333333333332,24.71933333333333,Frank
187.wav,24.71933333333333,39.1,David
187.wav,39.1,44.75466666666666,David
187.wav,44.75466666666666,56.52199999999999,Frank
187.wav,56.52199999999999,63.80866666666666,David
187.wav,63.80866666666666,72.33266666666665,Frank
188.wav,0.0,4.534666666666666,Alice
188.wav,4.534666666666666,10.872666666666667,Eva
188.wav,10.872666666666667,20.14333333333333,Isabella
188.wav,20.14333333333333,24.358,Alice
188.wav,24.358,31.772666666666662,Eva
188.wav,31.772666666666662,39.006,Isabella
152.wav,0.0,6.070666666666667,Frank
152.wav,6.070666666666667,13.624666666666666,Cathy
152.wav,13.624666666666666,24.292666666666666,Henry
152.wav,24.292666666666666,31.014666666666667,Frank
152.wav,31.014666666666667,36.296,Cathy
152.wav,36.296,44.95933333333333,Henry
152.wav,44.95933333333333,50.422666666666665,Frank
152.wav,50.422666666666665,55.42666666666666,Cathy
152.wav,55.42666666666666,60.85733333333333,Henry
152.wav,60.85733333333333,67.99466666666666,Frank
152.wav,67.99466666666666,73.74533333333332,Cathy
152.wav,73.74533333333332,80.32799999999999,Henry
152.wav,80.32799999999999,84.35066666666665,Frank
132.wav,0.0,5.558666666666666,David
132.wav,5.558666666666666,13.102,Alice
132.wav,13.102,20.229333333333333,Frank
132.wav,20.229333333333333,30.19333333333333,David
132.wav,30.19333333333333,37.736666666666665,Alice
132.wav,37.736666666666665,48.576,Frank
132.wav,48.576,57.25,David
132.wav,57.25,66.29733333333333,Alice
132.wav,66.29733333333333,74.91733333333333,Frank
132.wav,74.91733333333333,87.20666666666666,David
132.wav,87.20666666666666,93.59733333333332,Alice
132.wav,93.59733333333332,102.026,Frank
132.wav,102.026,109.39866666666666,David
132.wav,109.39866666666666,118.542,Alice
132.wav,118.542,127.07666666666664,Frank
132.wav,127.07666666666664,135.75,David
132.wav,135.75,143.218,Alice
132.wav,143.218,154.91066666666666,Frank
132.wav,154.91066666666666,163.95733333333334,David
132.wav,163.95733333333334,169.56933333333333,Alice
132.wav,169.56933333333333,174.75466666666668,Frank
132.wav,174.75466666666668,183.738,David
132.wav,183.738,189.07266666666663,Alice
132.wav,189.07266666666663,193.98066666666665,Frank
76.wav,0.0,7.457333333333334,Henry
76.wav,7.457333333333334,12.035333333333334,Cathy
76.wav,12.035333333333334,18.287333333333333,Frank
76.wav,18.287333333333333,25.46733333333333,David
76.wav,25.46733333333333,37.66133333333333,Henry
76.wav,37.66133333333333,40.809333333333335,Cathy
76.wav,40.809333333333335,44.746,Frank
76.wav,44.746,49.942,David
76.wav,49.942,58.42333333333333,Henry
76.wav,58.42333333333333,63.385333333333335,Cathy
76.wav,63.385333333333335,69.41333333333334,Frank
76.wav,69.41333333333334,73.77666666666667,David
178.wav,0.0,6.913333333333333,Cathy
178.wav,6.913333333333333,13.314666666666668,Isabella
178.wav,13.314666666666668,18.136666666666667,Ben
178.wav,18.136666666666667,25.412666666666667,Cathy
178.wav,25.412666666666667,31.38733333333333,Isabella
178.wav,31.38733333333333,35.55866666666667,Ben
178.wav,35.55866666666667,42.83533333333333,Cathy
178.wav,42.83533333333333,47.14533333333333,Isabella
178.wav,47.14533333333333,50.52733333333333,Ben
178.wav,50.52733333333333,57.516,Cathy
178.wav,57.516,61.22866666666666,Isabella
178.wav,61.22866666666666,66.744,Ben
178.wav,66.744,73.46533333333333,Cathy
178.wav,73.46533333333333,80.986,Isabella
178.wav,80.986,86.04266666666668,Ben
81.wav,0.0,5.334666666666666,Alice
81.wav,5.334666666666666,12.706666666666669,Ben
81.wav,12.706666666666669,19.194,David
81.wav,19.194,23.164,Eva
81.wav,23.164,28.520666666666664,Alice
81.wav,28.520666666666664,38.71,Ben
81.wav,38.71,46.67999999999999,David
81.wav,46.67999999999999,53.07133333333333,Eva
81.wav,53.07133333333333,62.098,David
81.wav,62.098,70.71933333333334,Alice
81.wav,70.71933333333334,81.334,Ben
81.wav,81.334,86.424,Eva
81.wav,86.424,93.786,David
81.wav,93.786,102.53466666666668,Alice
48.wav,0.0,6.070666666666667,David
48.wav,6.070666666666667,12.739333333333336,Grace
48.wav,12.739333333333336,22.564666666666668,Ben
48.wav,22.564666666666668,35.228,Henry
48.wav,35.228,46.44066666666667,Eva
48.wav,46.44066666666667,56.72533333333334,David
48.wav,56.72533333333334,65.25,Grace
48.wav,65.25,73.966,Ben
48.wav,73.966,86.47999999999999,Henry
48.wav,86.47999999999999,96.63666666666666,Eva
48.wav,96.63666666666666,107.30466666666666,David
48.wav,107.30466666666666,111.83933333333331,Grace
173.wav,0.0,8.396,Henry
173.wav,8.396,14.414,Isabella
173.wav,14.414,17.604666666666667,Grace
173.wav,17.604666666666667,32.81733333333334,Henry
173.wav,32.81733333333334,35.77333333333334,Isabella
173.wav,35.77333333333334,38.64333333333334,Grace
173.wav,38.64333333333334,47.63733333333334,Henry
173.wav,47.63733333333334,54.124,Isabella
173.wav,54.124,58.84,Grace
173.wav,58.84,65.56133333333334,Henry
173.wav,65.56133333333334,72.18666666666667,Isabella
173.wav,72.18666666666667,75.43066666666667,Grace
173.wav,75.43066666666667,90.184,Isabella
173.wav,90.184,96.02,Henry
173.wav,96.02,102.79466666666666,Grace
173.wav,102.79466666666666,107.28666666666666,Isabella
173.wav,107.28666666666666,116.366,Grace
173.wav,116.366,122.906,Henry
173.wav,122.906,129.85133333333334,Isabella
173.wav,129.85133333333334,134.89800000000002,Grace
173.wav,134.89800000000002,141.75800000000004,Henry
173.wav,141.75800000000004,147.88200000000003,Frank
173.wav,147.88200000000003,150.93400000000003,Isabella
173.wav,150.93400000000003,156.31133333333335,Frank
173.wav,156.31133333333335,160.11,Henry
173.wav,160.11,164.09,Grace
173.wav,164.09,167.47266666666667,Frank
185.wav,0.0,8.630666666666666,David
185.wav,8.630666666666666,16.418666666666667,Ben
185.wav,16.418666666666667,31.119333333333334,Isabella
185.wav,31.119333333333334,40.668,David
185.wav,40.668,48.59533333333333,Ben
185.wav,48.59533333333333,54.11133333333333,Isabella
185.wav,54.11133333333333,64.43866666666666,David
185.wav,64.43866666666666,76.30199999999999,Ben
112.wav,0.0,6.774,Ben
112.wav,6.774,15.021333333333336,Isabella
112.wav,15.021333333333336,33.721333333333334,Ben
112.wav,33.721333333333334,44.15533333333333,Isabella
112.wav,44.15533333333333,59.13333333333333,Ben
112.wav,59.13333333333333,72.44733333333333,Isabella
112.wav,72.44733333333333,85.004,Ben
112.wav,85.004,96.878,Isabella
199.wav,0.0,5.42,Eva
199.wav,5.42,9.549333333333331,Isabella
199.wav,9.549333333333331,13.198666666666666,Grace
199.wav,13.198666666666666,21.638,Henry
148.wav,0.0,4.865333333333333,Cathy
148.wav,4.865333333333333,6.668666666666667,Grace
148.wav,6.668666666666667,8.013333333333334,Frank
148.wav,8.013333333333334,9.912666666666668,David
148.wav,9.912666666666668,12.782666666666668,Cathy
148.wav,12.782666666666668,15.236666666666668,Grace
148.wav,15.236666666666668,17.37066666666667,Frank
148.wav,17.37066666666667,18.619333333333334,David
148.wav,18.619333333333334,23.208,Cathy
148.wav,23.208,25.566,Grace
148.wav,25.566,28.116,Frank
148.wav,28.116,29.642,David
148.wav,29.642,33.803333333333335,Cathy
148.wav,33.803333333333335,35.64933333333333,Grace
148.wav,35.64933333333333,37.495333333333335,Frank
148.wav,37.495333333333335,39.064,David
148.wav,39.064,43.72733333333333,Cathy
148.wav,43.72733333333333,46.458666666666666,Grace
148.wav,46.458666666666666,48.592666666666666,Frank
148.wav,48.592666666666666,50.588,David
148.wav,50.588,54.76,Cathy
148.wav,54.76,56.65933333333333,Grace
148.wav,56.65933333333333,58.97466666666666,Frank
148.wav,58.97466666666666,60.458,David
148.wav,60.458,64.34266666666666,Cathy
148.wav,64.34266666666666,67.35133333333333,Grace
148.wav,67.35133333333333,69.944,Frank
148.wav,69.944,71.982,David
6.wav,0.0,5.462666666666666,Cathy
6.wav,5.462666666666666,11.012,Ben
6.wav,11.012,23.014666666666667,Cathy
6.wav,23.014666666666667,27.73133333333333,Ben
6.wav,27.73133333333333,33.51466666666666,Cathy
95.wav,0.0,6.6353333333333335,Ben
95.wav,6.6353333333333335,11.949333333333334,Cathy
95.wav,11.949333333333334,20.718,Ben
95.wav,20.718,28.04733333333333,Cathy
95.wav,28.04733333333333,34.63,Ben
95.wav,34.63,40.18866666666667,Cathy
80.wav,0.0,5.782666666666667,Ben
80.wav,5.782666666666667,8.141333333333334,Eva
80.wav,8.141333333333334,15.236,Ben
80.wav,15.236,20.741333333333333,Eva
80.wav,20.741333333333333,31.91133333333333,Ben
80.wav,31.91133333333333,38.44133333333333,Eva
80.wav,38.44133333333333,43.72266666666667,Ben
140.wav,0.0,4.769333333333333,Grace
140.wav,4.769333333333333,9.955333333333332,Cathy
140.wav,9.955333333333332,15.375999999999998,Alice
140.wav,15.375999999999998,24.187999999999995,Eva
140.wav,24.187999999999995,30.44066666666666,Grace
140.wav,30.44066666666666,38.74066666666666,Cathy
140.wav,38.74066666666666,47.767333333333326,Alice
140.wav,47.767333333333326,54.28666666666666,Eva
140.wav,54.28666666666666,63.60066666666666,Grace
140.wav,63.60066666666666,76.29666666666667,Cathy
140.wav,76.29666666666667,81.056,Alice
140.wav,81.056,83.45733333333334,Eva
140.wav,83.45733333333334,89.34733333333334,Grace
161.wav,0.0,8.94,Ben
161.wav,8.94,13.015999999999998,Alice
161.wav,13.015999999999998,22.09533333333333,Ben
161.wav,22.09533333333333,29.093999999999998,Alice
161.wav,29.093999999999998,40.48933333333333,Ben
161.wav,40.48933333333333,50.49666666666666,Alice
161.wav,50.49666666666666,61.66666666666666,Ben
161.wav,61.66666666666666,69.87066666666666,Alice
161.wav,69.87066666666666,84.156,Ben
161.wav,84.156,91.934,Alice
124.wav,0.0,5.142666666666667,Eva
124.wav,5.142666666666667,10.52,Cathy
124.wav,10.52,16.174666666666667,Isabella
124.wav,16.174666666666667,20.666666666666668,Alice
124.wav,20.666666666666668,25.90533333333333,Eva
124.wav,25.90533333333333,30.770666666666667,Cathy
124.wav,30.770666666666667,35.828,Isabella
124.wav,35.828,40.55466666666667,Alice
124.wav,40.55466666666667,47.12666666666667,Eva
124.wav,47.12666666666667,51.57600000000001,Cathy
124.wav,51.57600000000001,56.260000000000005,Isabella
124.wav,56.260000000000005,60.79466666666667,Alice
124.wav,60.79466666666667,66.63066666666667,Eva
124.wav,66.63066666666667,71.67733333333334,Cathy
124.wav,71.67733333333334,80.15933333333334,Isabella
124.wav,80.15933333333334,85.95266666666667,Alice
124.wav,85.95266666666667,90.95666666666668,Eva
124.wav,90.95666666666668,96.41933333333334,Cathy
124.wav,96.41933333333334,101.50866666666668,Isabella
124.wav,101.50866666666668,106.00066666666667,Alice
124.wav,106.00066666666667,113.68266666666668,Eva
193.wav,0.0,5.836,Ben
193.wav,5.836,12.174,Henry
193.wav,12.174,18.799333333333333,Eva
193.wav,18.799333333333333,28.572,David
193.wav,28.572,36.08266666666667,Ben
193.wav,36.08266666666667,42.239333333333335,Henry
193.wav,42.239333333333335,49.142,Eva
193.wav,49.142,57.72,David
193.wav,57.72,64.068,Ben
193.wav,64.068,70.182,Eva
193.wav,70.182,75.42066666666668,Henry
193.wav,75.42066666666668,87.89200000000001,David
193.wav,87.89200000000001,96.45933333333336,Ben
193.wav,96.45933333333336,108.74933333333334,Eva
193.wav,108.74933333333334,117.51866666666668,David
193.wav,117.51866666666668,124.05866666666668,Henry
193.wav,124.05866666666668,132.4546666666667,Ben
90.wav,0.0,5.932,Alice
90.wav,5.932,10.658666666666669,Isabella
90.wav,10.658666666666669,15.854666666666668,Alice
90.wav,15.854666666666668,22.298666666666666,Isabella
90.wav,22.298666666666666,27.762,Alice
146.wav,0.0,6.636,David
146.wav,6.636,14.136666666666668,Cathy
146.wav,14.136666666666668,23.312,Henry
146.wav,23.312,29.426,David
146.wav,29.426,40.63933333333333,Cathy
146.wav,40.63933333333333,52.226,Henry
146.wav,52.226,59.91866666666667,David
146.wav,59.91866666666667,66.534,Cathy
146.wav,66.534,73.81066666666668,Henry
146.wav,73.81066666666668,81.97266666666668,David
146.wav,81.97266666666668,85.45066666666668,Cathy
146.wav,85.45066666666668,93.922,Henry
107.wav,0.0,6.390666666666666,Grace
107.wav,6.390666666666666,13.891333333333332,Eva
107.wav,13.891333333333332,23.856,Grace
107.wav,23.856,31.87933333333333,Grace
107.wav,31.87933333333333,41.88666666666666,Eva
107.wav,41.88666666666666,49.760666666666665,Grace
107.wav,49.760666666666665,55.92733333333333,Eva
107.wav,55.92733333333333,66.31866666666666,Grace
107.wav,66.31866666666666,76.83866666666665,Eva
39.wav,0.0,5.42,Frank
39.wav,5.42,17.284,Eva
39.wav,17.284,26.960666666666665,Cathy
39.wav,26.960666666666665,40.16866666666667,Isabella
39.wav,40.16866666666667,48.458666666666666,Alice
39.wav,48.458666666666666,61.16466666666666,Frank
39.wav,61.16466666666666,78.26666666666667,Eva
46.wav,0.0,5.697333333333333,Grace
46.wav,5.697333333333333,14.648,Ben
46.wav,14.648,25.48733333333333,Grace
46.wav,25.48733333333333,33.094,Ben
46.wav,33.094,42.13,Grace
46.wav,42.13,51.540000000000006,Ben
46.wav,51.540000000000006,58.86933333333334,Grace
46.wav,58.86933333333334,68.84400000000001,Ben
163.wav,0.0,6.86,Eva
163.wav,6.86,12.184,Henry
163.wav,12.184,16.26,Alice
163.wav,16.26,20.186666666666667,Cathy
163.wav,20.186666666666667,25.65,Eva
163.wav,25.65,29.544666666666664,Henry
163.wav,29.544666666666664,39.23266666666667,Alice
163.wav,39.23266666666667,45.11133333333333,Cathy
163.wav,45.11133333333333,48.02466666666667,Eva
163.wav,48.02466666666667,54.244,Henry
163.wav,54.244,63.17466666666667,Alice
163.wav,63.17466666666667,67.25066666666666,Cathy
163.wav,67.25066666666666,69.70533333333333,Eva
163.wav,69.70533333333333,79.12533333333333,Henry
163.wav,79.12533333333333,84.68466666666666,Alice
163.wav,84.68466666666666,91.822,Cathy
163.wav,91.822,96.17533333333331,Eva
163.wav,96.17533333333331,99.782,Henry
163.wav,99.782,105.10666666666668,Alice
163.wav,105.10666666666668,110.34533333333334,Cathy
58.wav,0.0,5.612,Ben
58.wav,5.612,13.912666666666668,Eva
58.wav,13.912666666666668,26.063333333333333,Ben
58.wav,26.063333333333333,33.372,Alice
58.wav,33.372,39.816,Eva
58.wav,39.816,50.666,Grace
58.wav,50.666,60.67333333333334,Ben
58.wav,60.67333333333334,66.18933333333334,Eva
58.wav,66.18933333333334,73.7,Alice
58.wav,73.7,80.94333333333334,Grace
58.wav,80.94333333333334,89.15800000000002,Ben
58.wav,89.15800000000002,93.51133333333335,Eva
82.wav,0.0,6.625333333333334,Eva
82.wav,6.625333333333334,10.189333333333334,Grace
82.wav,10.189333333333334,15.609333333333334,Eva
82.wav,15.609333333333334,23.25933333333333,Grace
82.wav,23.25933333333333,32.25333333333333,Eva
82.wav,32.25333333333333,38.932,Grace
127.wav,0.0,4.257333333333333,Cathy
127.wav,4.257333333333333,10.893333333333334,Grace
127.wav,10.893333333333334,19.824,Alice
127.wav,19.824,30.674666666666667,Cathy
127.wav,30.674666666666667,36.78866666666666,Grace
127.wav,36.78866666666666,42.562,Alice
127.wav,42.562,48.61266666666666,Cathy
127.wav,48.61266666666666,54.396,Grace
55.wav,0.0,6.156,Eva
55.wav,6.156,9.912,Alice
55.wav,9.912,13.017333333333331,Cathy
55.wav,13.017333333333331,19.279333333333334,Ben
55.wav,19.279333333333334,25.532,Eva
55.wav,25.532,29.042666666666666,Alice
55.wav,29.042666666666666,35.43333333333333,Cathy
55.wav,35.43333333333333,39.50866666666666,Ben
55.wav,39.50866666666666,43.48866666666666,Eva
9.wav,0.0,3.286,Eva
9.wav,3.286,9.592,Cathy
9.wav,9.592,15.758666666666668,Eva
9.wav,15.758666666666668,21.31733333333333,Cathy
9.wav,21.31733333333333,26.46,Eva
9.wav,26.46,32.306666666666665,Cathy
9.wav,32.306666666666665,35.17666666666666,Eva
9.wav,35.17666666666666,41.09866666666666,Cathy
9.wav,41.09866666666666,44.02199999999999,Eva
75.wav,0.0,6.87,Cathy
75.wav,6.87,13.366666666666667,Alice
75.wav,13.366666666666667,18.74333333333333,Cathy
75.wav,18.74333333333333,23.384,Alice
181.wav,0.0,5.270666666666667,Isabella
181.wav,5.270666666666667,10.456,Frank
181.wav,10.456,16.430666666666667,Grace
181.wav,16.430666666666667,21.104,Cathy
181.wav,21.104,28.614666666666665,Isabella
181.wav,28.614666666666665,32.552,Frank
181.wav,32.552,38.484,Grace
181.wav,38.484,43.15733333333333,Cathy
181.wav,43.15733333333333,48.118,Isabella
181.wav,48.118,51.63933333333333,Frank
181.wav,51.63933333333333,55.29933333333334,Grace
181.wav,55.29933333333334,59.97266666666667,Cathy
33.wav,0.0,8.950666666666667,Frank
33.wav,8.950666666666667,18.915333333333333,Alice
33.wav,18.915333333333333,25.488,Frank
33.wav,25.488,32.156666666666666,Alice
20.wav,0.0,7.830666666666667,Alice
20.wav,7.830666666666667,18.990666666666662,Henry
20.wav,18.990666666666662,30.246,Alice
20.wav,30.246,46.89866666666666,Henry
86.wav,0.0,8.343333333333334,Isabella
86.wav,8.343333333333334,13.017333333333331,Eva
86.wav,13.017333333333331,21.776666666666667,Isabella
86.wav,21.776666666666667,28.029333333333334,Eva
86.wav,28.029333333333334,39.252,Isabella
86.wav,39.252,47.55266666666667,Eva
86.wav,47.55266666666667,57.51733333333333,Isabella
86.wav,57.51733333333333,61.316,Eva
15.wav,0.0,8.204666666666666,David
15.wav,8.204666666666666,19.044666666666664,Henry
15.wav,19.044666666666664,27.66533333333333,David
15.wav,27.66533333333333,38.76,Henry
15.wav,38.76,50.806,David
15.wav,50.806,55.47933333333333,Henry
15.wav,55.47933333333333,60.25933333333333,David
106.wav,0.0,4.865333333333333,Eva
106.wav,4.865333333333333,10.414,Cathy
106.wav,10.414,14.628666666666668,David
106.wav,14.628666666666668,20.432,Ben
106.wav,20.432,26.268666666666668,Frank
106.wav,26.268666666666668,32.148,Eva
106.wav,32.148,37.334,Cathy
106.wav,37.334,44.83466666666667,David
106.wav,44.83466666666667,50.30800000000001,Ben
106.wav,50.30800000000001,57.488666666666674,Frank
106.wav,57.488666666666674,61.37333333333334,Eva
106.wav,61.37333333333334,66.87933333333334,Cathy
106.wav,66.87933333333334,72.67333333333333,David
106.wav,72.67333333333333,79.38466666666666,Ben
106.wav,79.38466666666666,86.64066666666666,Frank
106.wav,86.64066666666666,91.03666666666666,Eva
106.wav,91.03666666666666,98.25,Cathy
106.wav,98.25,104.13,David
106.wav,104.13,111.39666666666666,Ben
106.wav,111.39666666666666,118.25733333333332,Frank
106.wav,118.25733333333332,122.88866666666664,Eva
106.wav,122.88866666666664,127.64799999999998,Cathy
106.wav,127.64799999999998,132.73799999999997,David
106.wav,132.73799999999997,139.41733333333332,Ben
106.wav,139.41733333333332,144.50733333333332,Frank
63.wav,0.0,6.816666666666666,Henry
63.wav,6.816666666666666,10.936,Ben
63.wav,10.936,17.059333333333335,Henry
63.wav,17.059333333333335,24.99666666666667,Ben
63.wav,24.99666666666667,31.34466666666667,Henry
63.wav,31.34466666666667,40.946,Ben
63.wav,40.946,48.11666666666667,Henry
98.wav,0.0,9.132,Isabella
98.wav,9.132,16.174,Grace
98.wav,16.174,20.474,Isabella
98.wav,20.474,30.940666666666665,Grace
98.wav,30.940666666666665,36.926,Isabella
98.wav,36.926,40.76733333333333,Grace
98.wav,40.76733333333333,54.391333333333336,Isabella
98.wav,54.391333333333336,60.868,Grace
98.wav,60.868,77.70266666666667,Isabella
98.wav,77.70266666666667,83.998,Grace
98.wav,83.998,89.26933333333334,Isabella
27.wav,0.0,7.564,Ben
27.wav,7.564,14.691333333333333,Cathy
27.wav,14.691333333333333,24.368,Frank
27.wav,24.368,35.026666666666664,David
27.wav,35.026666666666664,42.900666666666666,Henry
84.wav,0.0,6.774666666666667,Grace
84.wav,6.774666666666667,14.136666666666668,David
84.wav,14.136666666666668,20.346,Frank
84.wav,20.346,25.168666666666667,Henry
84.wav,25.168666666666667,34.10933333333333,Grace
84.wav,34.10933333333333,39.94533333333333,David
84.wav,39.94533333333333,44.85333333333333,Frank
84.wav,44.85333333333333,48.278,Henry
84.wav,48.278,55.501333333333335,Grace
84.wav,55.501333333333335,64.39866666666667,David
84.wav,64.39866666666667,68.47466666666666,Frank
84.wav,68.47466666666666,76.07066666666667,Henry
84.wav,76.07066666666667,81.11733333333333,Grace
89.wav,0.0,3.564,Cathy
89.wav,3.564,7.544666666666666,Henry
89.wav,7.544666666666666,12.687333333333331,Grace
89.wav,12.687333333333331,18.844,Isabella
89.wav,18.844,24.029333333333334,Cathy
89.wav,24.029333333333334,28.980666666666668,Henry
89.wav,28.980666666666668,32.736666666666665,Grace
89.wav,32.736666666666665,38.01866666666666,Isabella
89.wav,38.01866666666666,44.14266666666666,Cathy
89.wav,44.14266666666666,49.96933333333333,Henry
89.wav,49.96933333333333,53.394666666666666,Grace
89.wav,53.394666666666666,58.538,Isabella
89.wav,58.538,64.74733333333333,Cathy
89.wav,64.74733333333333,73.40066666666667,Henry
89.wav,73.40066666666667,77.93599999999999,Grace
89.wav,77.93599999999999,82.98333333333332,Isabella
89.wav,82.98333333333332,87.05866666666665,Cathy
8.wav,0.0,6.86,Cathy
8.wav,6.86,19.417333333333332,David
8.wav,19.417333333333332,24.890666666666668,Henry
8.wav,24.890666666666668,34.95066666666667,Cathy
8.wav,34.95066666666667,40.79666666666667,Henry
8.wav,40.79666666666667,46.95333333333333,David
8.wav,46.95333333333333,60.76866666666667,Eva
8.wav,60.76866666666667,70.862,Cathy
8.wav,70.862,74.98066666666666,David
8.wav,74.98066666666666,82.40533333333333,Henry
8.wav,82.40533333333333,87.31333333333333,Eva
156.wav,0.0,9.176,David
156.wav,9.176,19.47133333333333,Ben
156.wav,19.47133333333333,27.910666666666668,Alice
156.wav,27.910666666666668,33.928666666666665,Cathy
156.wav,33.928666666666665,42.922666666666665,Isabella
156.wav,42.922666666666665,57.24,Ben
156.wav,57.24,70.21333333333332,David
156.wav,70.21333333333332,75.20666666666666,Alice
156.wav,75.20666666666666,79.57,Cathy
156.wav,79.57,88.45733333333332,Isabella
156.wav,88.45733333333332,102.50733333333332,Ben
156.wav,102.50733333333332,111.35266666666664,David
1.wav,0.0,4.950666666666667,Alice
1.wav,4.950666666666667,10.178666666666668,Eva
1.wav,10.178666666666668,15.78,Isabella
1.wav,15.78,21.755333333333333,David
1.wav,21.755333333333333,24.113333333333333,Eva
1.wav,24.113333333333333,29.352,Alice
1.wav,29.352,34.537333333333336,Isabella
1.wav,34.537333333333336,40.93866666666667,David
1.wav,40.93866666666667,42.28333333333334,Eva
113.wav,0.0,5.974666666666667,Frank
113.wav,5.974666666666667,10.839333333333332,David
113.wav,10.839333333333332,15.202666666666666,Grace
113.wav,15.202666666666666,24.378,Frank
113.wav,24.378,31.142,David
113.wav,31.142,37.159333333333336,Grace
113.wav,37.159333333333336,43.646,Frank
113.wav,43.646,51.21,David
113.wav,51.21,57.23733333333333,Grace
113.wav,57.23733333333333,62.75333333333333,Frank
113.wav,62.75333333333333,72.824,David
113.wav,72.824,79.64133333333334,Grace
142.wav,0.0,5.697333333333333,Eva
142.wav,5.697333333333333,13.432666666666666,Isabella
142.wav,13.432666666666666,15.695333333333332,Henry
142.wav,15.695333333333332,22.74733333333333,Isabella
142.wav,22.74733333333333,31.32533333333333,Grace
142.wav,31.32533333333333,39.562,Ben
142.wav,39.562,48.172666666666665,Eva
142.wav,48.172666666666665,56.37733333333333,Isabella
142.wav,56.37733333333333,59.333333333333336,Henry
142.wav,59.333333333333336,63.92133333333334,Grace
142.wav,63.92133333333334,68.37,Ben
142.wav,68.37,75.32600000000001,Eva
41.wav,0.0,6.123333333333333,Ben
41.wav,6.123333333333333,14.84,David
41.wav,14.84,23.790666666666667,Ben
41.wav,23.790666666666667,28.56,David
41.wav,28.56,32.166666666666664,Ben
41.wav,32.166666666666664,37.256,David
41.wav,37.256,41.18266666666667,Ben
41.wav,41.18266666666667,46.00533333333334,David
200.wav,0.0,6.86,Isabella
200.wav,6.86,16.035333333333334,David
200.wav,16.035333333333334,25.659333333333336,Cathy
200.wav,25.659333333333336,36.05066666666667,Grace
200.wav,36.05066666666667,46.29333333333334,Frank
200.wav,46.29333333333334,54.44466666666667,Isabella
200.wav,54.44466666666667,63.15133333333334,David
200.wav,63.15133333333334,66.71533333333335,Cathy
200.wav,66.71533333333335,69.39400000000002,Grace
200.wav,69.39400000000002,74.53733333333335,Frank
200.wav,74.53733333333335,90.16666666666669,Isabella
200.wav,90.16666666666669,96.78200000000002,David
200.wav,96.78200000000002,103.2586666666667,Cathy
200.wav,103.2586666666667,109.13733333333336,Grace
200.wav,109.13733333333336,115.43266666666668,Frank
200.wav,115.43266666666668,120.75733333333336,Isabella
42.wav,0.0,4.31,Cathy
42.wav,4.31,16.408,Henry
42.wav,16.408,19.78,Alice
42.wav,19.78,29.96933333333333,Cathy
42.wav,29.96933333333333,34.867333333333335,Alice
42.wav,34.867333333333335,47.75533333333333,Henry
42.wav,47.75533333333333,52.09866666666667,Cathy
42.wav,52.09866666666667,63.50333333333333,Henry
42.wav,63.50333333333333,67.53733333333334,Cathy
42.wav,67.53733333333334,80.874,Henry
42.wav,80.874,85.59066666666666,Cathy
42.wav,85.59066666666666,98.66066666666666,Henry
42.wav,98.66066666666666,102.12866666666666,Cathy
42.wav,102.12866666666666,110.974,Henry
70.wav,0.0,5.3773333333333335,Isabella
70.wav,5.3773333333333335,11.032666666666668,Cathy
70.wav,11.032666666666668,20.260666666666665,Isabella
70.wav,20.260666666666665,26.502666666666663,Cathy
12.wav,0.0,8.822,Henry
12.wav,8.822,12.663333333333332,Grace
12.wav,12.663333333333332,19.854,Alice
12.wav,19.854,26.07333333333333,Isabella
12.wav,26.07333333333333,30.384,Cathy
182.wav,0.0,9.793333333333331,Henry
182.wav,9.793333333333331,12.888,Frank
182.wav,12.888,17.752666666666666,Henry
182.wav,17.752666666666666,22.991333333333333,Frank
182.wav,22.991333333333333,31.056666666666665,Henry
182.wav,31.056666666666665,33.92733333333333,Frank
182.wav,33.92733333333333,44.883333333333326,Henry
182.wav,44.883333333333326,48.959333333333326,Frank
182.wav,48.959333333333326,57.58999999999999,Henry
182.wav,57.58999999999999,62.551333333333325,Frank
182.wav,62.551333333333325,67.78933333333333,Henry
182.wav,67.78933333333333,71.86533333333333,Frank
182.wav,71.86533333333333,78.82133333333333,Henry
182.wav,78.82133333333333,84.29466666666666,Frank
182.wav,84.29466666666666,91.528,Henry
182.wav,91.528,95.78533333333333,Frank
198.wav,0.0,10.945333333333334,Henry
198.wav,10.945333333333334,17.006666666666668,David
198.wav,17.006666666666668,33.56333333333333,Henry
198.wav,33.56333333333333,46.728,David
198.wav,46.728,57.66333333333333,Henry
198.wav,57.66333333333333,71.06266666666667,David
198.wav,71.06266666666667,78.14733333333334,Henry
198.wav,78.14733333333334,84.44266666666667,David
138.wav,0.0,4.342666666666666,Alice
138.wav,4.342666666666666,8.141333333333332,Frank
138.wav,8.141333333333332,11.619333333333332,Grace
138.wav,11.619333333333332,15.322,Eva
138.wav,15.322,20.186666666666667,Alice
138.wav,20.186666666666667,24.028,Frank
138.wav,24.028,28.988666666666667,Grace
138.wav,28.988666666666667,32.093333333333334,Eva
138.wav,32.093333333333334,37.52333333333333,Alice
138.wav,37.52333333333333,41.364666666666665,Frank
138.wav,41.364666666666665,44.42666666666666,Grace
138.wav,44.42666666666666,48.64133333333333,Eva
138.wav,48.64133333333333,52.77,Alice
138.wav,52.77,59.29933333333333,Frank
138.wav,59.29933333333333,63.01199999999999,Grace
138.wav,63.01199999999999,66.94933333333333,Eva
138.wav,66.94933333333333,73.11533333333333,Alice
138.wav,73.11533333333333,78.39666666666666,Frank
138.wav,78.39666666666666,84.55266666666667,Grace
138.wav,84.55266666666667,87.476,Eva
154.wav,0.0,6.348,Alice
154.wav,6.348,13.71,Grace
154.wav,13.71,21.808666666666667,David
154.wav,21.808666666666667,29.0,Alice
154.wav,29.0,39.14666666666667,Grace
154.wav,39.14666666666667,50.178,David
154.wav,50.178,67.08933333333333,Alice
154.wav,67.08933333333333,80.09533333333333,Grace
154.wav,80.09533333333333,95.06466666666668,David
50.wav,0.0,7.424666666666667,Henry
50.wav,7.424666666666667,13.112,Ben
50.wav,13.112,22.34,Henry
50.wav,22.34,28.592,Ben
50.wav,28.592,40.37,Henry
50.wav,40.37,42.72866666666666,Ben
50.wav,42.72866666666666,55.722,Henry
50.wav,55.722,62.95533333333333,Ben
50.wav,62.95533333333333,68.098,Henry
32.wav,0.0,8.108,Cathy
32.wav,8.108,23.139333333333333,Alice
32.wav,23.139333333333333,34.042,Isabella
32.wav,34.042,44.43333333333334,Cathy
32.wav,44.43333333333334,57.23466666666667,Alice
32.wav,57.23466666666667,67.84933333333333,Isabella
32.wav,67.84933333333333,80.32066666666667,Cathy
32.wav,80.32066666666667,91.682,Alice
32.wav,91.682,105.27266666666668,Isabella
143.wav,0.0,14.294,Cathy
143.wav,14.294,22.742666666666665,Henry
143.wav,22.742666666666665,41.122,Ben
143.wav,41.122,53.656,Eva
143.wav,53.656,66.23266666666666,Grace
143.wav,66.23266666666666,80.15333333333332,Cathy
143.wav,80.15333333333332,90.63933333333333,Henry
143.wav,90.63933333333333,106.288,Ben
143.wav,106.288,119.558,Eva
143.wav,119.558,133.20133333333334,Grace
143.wav,133.20133333333334,139.794,Cathy
7.wav,0.0,5.836,Henry
7.wav,5.836,10.840666666666667,Isabella
7.wav,10.840666666666667,16.260666666666665,Frank
7.wav,16.260666666666665,28.048666666666666,Henry
7.wav,28.048666666666666,34.44,Isabella
7.wav,34.44,45.05533333333333,Frank
7.wav,45.05533333333333,57.666,Henry
7.wav,57.666,66.84133333333332,Isabella
7.wav,66.84133333333332,76.294,Frank
7.wav,76.294,89.086,Henry
7.wav,89.086,99.318,Isabella
7.wav,99.318,107.42666666666666,Frank
7.wav,107.42666666666666,114.426,Henry
4.wav,0.0,4.257333333333333,Alice
4.wav,4.257333333333333,8.567333333333334,Henry
4.wav,8.567333333333334,14.126,David
4.wav,14.126,18.703333333333333,Eva
4.wav,18.703333333333333,29.830666666666666,Alice
4.wav,29.830666666666666,41.09666666666666,Henry
4.wav,41.09666666666666,49.664,David
4.wav,49.664,58.327333333333335,Eva
4.wav,58.327333333333335,69.78466666666667,Alice
4.wav,69.78466666666667,76.64466666666667,Henry
4.wav,76.64466666666667,87.82466666666667,David
4.wav,87.82466666666667,95.11133333333332,Eva
151.wav,0.0,4.396,Grace
151.wav,4.396,8.941333333333333,Isabella
151.wav,8.941333333333333,15.418,Henry
151.wav,15.418,19.632666666666665,Ben
151.wav,19.632666666666665,26.31133333333333,Grace
151.wav,26.31133333333333,31.635333333333328,Isabella
151.wav,31.635333333333328,37.37533333333333,Henry
151.wav,37.37533333333333,41.17333333333333,Ben
151.wav,41.17333333333333,46.91333333333333,Grace
151.wav,46.91333333333333,51.832,Isabella
151.wav,51.832,55.822,Henry
151.wav,55.822,60.36666666666667,Ben
151.wav,60.36666666666667,65.97866666666667,Grace
151.wav,65.97866666666667,71.164,Isabella
151.wav,71.164,76.584,Henry
151.wav,76.584,81.58800000000001,Ben
151.wav,81.58800000000001,86.64533333333334,Grace
151.wav,86.64533333333334,91.41466666666668,Isabella
151.wav,91.41466666666668,97.634,Henry
151.wav,97.634,103.71466666666667,Ben
151.wav,103.71466666666667,109.17733333333337,Grace
151.wav,109.17733333333337,115.29066666666668,Isabella
151.wav,115.29066666666668,119.79266666666668,Henry
151.wav,119.79266666666668,124.33733333333336,Ben
128.wav,0.0,7.841333333333333,Ben
128.wav,7.841333333333333,19.331333333333333,Frank
128.wav,19.331333333333333,24.708666666666662,Ben
128.wav,24.708666666666662,33.468,Frank
128.wav,33.468,35.22866666666667,Ben
128.wav,35.22866666666667,39.443333333333335,Frank
134.wav,0.0,3.894,Cathy
134.wav,3.894,8.022666666666666,Grace
134.wav,8.022666666666666,16.279333333333334,Henry
134.wav,16.279333333333334,21.656,Eva
134.wav,21.656,28.568666666666665,Alice
191.wav,0.0,13.868,Grace
191.wav,13.868,24.718,Eva
191.wav,24.718,37.882666666666665,Ben
191.wav,37.882666666666665,50.31133333333333,Grace
191.wav,50.31133333333333,62.92133333333333,Eva
191.wav,62.92133333333333,77.57933333333332,Ben
191.wav,77.57933333333332,90.57266666666666,Grace
191.wav,90.57266666666666,100.21733333333331,Eva
191.wav,100.21733333333331,105.31733333333332,Ben
191.wav,105.31733333333332,114.31133333333332,Grace
56.wav,0.0,5.472666666666667,Henry
56.wav,5.472666666666667,8.812666666666667,Ben
56.wav,8.812666666666667,13.763333333333334,David
56.wav,13.763333333333334,21.082,Henry
56.wav,21.082,27.43,Ben
56.wav,27.43,33.22333333333333,David
56.wav,33.22333333333333,39.528666666666666,Henry
56.wav,39.528666666666666,43.934666666666665,Ben
56.wav,43.934666666666665,47.92533333333333,David
56.wav,47.92533333333333,51.862,Henry
56.wav,51.862,55.436,Ben
172.wav,0.0,5.366666666666666,Alice
172.wav,5.366666666666666,10.370666666666663,Isabella
172.wav,10.370666666666663,13.005999999999998,Ben
172.wav,13.005999999999998,17.230666666666664,Grace
172.wav,17.230666666666664,23.674666666666663,Alice
172.wav,23.674666666666663,27.69733333333333,Isabella
172.wav,27.69733333333333,31.06933333333333,Ben
172.wav,31.06933333333333,34.49466666666666,Grace
172.wav,34.49466666666666,37.41799999999999,Alice
172.wav,37.41799999999999,40.56533333333333,Isabella
172.wav,40.56533333333333,41.95266666666666,Ben
172.wav,41.95266666666666,48.07666666666666,Grace
172.wav,48.07666666666666,52.654,Alice
172.wav,52.654,59.194,Isabella
172.wav,59.194,64.05933333333333,Ben
172.wav,64.05933333333333,68.178,Grace
172.wav,68.178,72.29666666666667,Alice
172.wav,72.29666666666667,73.72666666666667,Isabella
172.wav,73.72666666666667,76.138,Ben
172.wav,76.138,77.84533333333334,Grace
110.wav,0.0,3.286,Cathy
110.wav,3.286,8.844666666666667,Ben
110.wav,8.844666666666667,13.892,Eva
110.wav,13.892,20.602666666666664,Cathy
110.wav,20.602666666666664,29.778,Alice
110.wav,29.778,34.59,Ben
110.wav,34.59,39.12466666666666,Eva
110.wav,39.12466666666666,43.574,Cathy
110.wav,43.574,51.864,Alice
105.wav,0.0,5.74,Alice
105.wav,5.74,13.816,Ben
105.wav,13.816,23.17333333333333,Cathy
105.wav,23.17333333333333,29.894666666666662,Grace
105.wav,29.894666666666662,38.142,Isabella
105.wav,38.142,46.19733333333333,Alice
105.wav,46.19733333333333,53.804,Ben
105.wav,53.804,62.606,Cathy
105.wav,62.606,71.13066666666667,Grace
105.wav,71.13066666666667,80.22066666666667,Isabella
105.wav,80.22066666666667,86.43,Alice
105.wav,86.43,95.562,Ben
180.wav,0.0,5.932,Alice
180.wav,5.932,15.236,Henry
180.wav,15.236,23.814,David
180.wav,23.814,33.309333333333335,Eva
180.wav,33.309333333333335,44.56466666666667,Ben
180.wav,44.56466666666667,55.681333333333335,Alice
180.wav,55.681333333333335,62.59466666666667,Henry
180.wav,62.59466666666667,70.19066666666667,David
180.wav,70.19066666666667,76.45266666666667,Eva
180.wav,76.45266666666667,88.13466666666667,Ben
180.wav,88.13466666666667,94.248,Alice
180.wav,94.248,98.974,Henry
180.wav,98.974,106.16466666666668,David
180.wav,106.16466666666668,111.968,Eva
180.wav,111.968,123.78866666666669,Ben
180.wav,123.78866666666669,129.90200000000002,Alice
180.wav,129.90200000000002,139.08733333333333,Henry
180.wav,139.08733333333333,147.09933333333333,David
180.wav,147.09933333333333,154.428,Eva
180.wav,154.428,167.50733333333332,Ben
180.wav,167.50733333333332,175.25266666666664,Alice
180.wav,175.25266666666664,183.04066666666665,Henry
180.wav,183.04066666666665,190.55133333333333,David
180.wav,190.55133333333333,197.09066666666664,Eva
180.wav,197.09066666666664,208.58066666666667,Ben
180.wav,208.58066666666667,216.14466666666667,Alice
180.wav,216.14466666666667,223.10066666666663,Henry
180.wav,223.10066666666663,230.2913333333333,David
180.wav,230.2913333333333,237.53466666666665,Eva
180.wav,237.53466666666665,252.23533333333333,Ben
180.wav,252.23533333333333,259.37266666666665,Alice
180.wav,259.37266666666665,269.52866666666665,Henry
180.wav,269.52866666666665,277.0926666666667,David
180.wav,277.0926666666667,283.17333333333335,Eva
180.wav,283.17333333333335,293.97,Ben
180.wav,293.97,300.92600000000004,Alice
180.wav,300.92600000000004,307.9673333333334,Henry
180.wav,307.9673333333334,315.2540000000001,David
180.wav,315.2540000000001,322.8173333333334,Eva
180.wav,322.8173333333334,334.4993333333334,Ben
102.wav,0.0,5.089333333333333,Alice
102.wav,5.089333333333333,10.093333333333334,Frank
102.wav,10.093333333333334,16.804000000000002,Alice
102.wav,16.804000000000002,21.157333333333334,Frank
102.wav,21.157333333333334,27.826,Alice
102.wav,27.826,33.88666666666667,Frank
102.wav,33.88666666666667,40.566,Alice
102.wav,40.566,45.378,Frank
102.wav,45.378,52.089333333333336,Alice
102.wav,52.089333333333336,57.040000000000006,Frank
102.wav,57.040000000000006,63.154,Alice
102.wav,63.154,70.85666666666667,Frank
102.wav,70.85666666666667,77.84533333333334,Alice
102.wav,77.84533333333334,83.86333333333334,Frank
102.wav,83.86333333333334,92.84733333333334,Alice
102.wav,92.84733333333334,98.95066666666668,Frank
153.wav,0.0,6.572666666666667,Alice
153.wav,6.572666666666667,14.255333333333333,Frank
153.wav,14.255333333333333,23.196,Ben
153.wav,23.196,32.318666666666665,Eva
153.wav,32.318666666666665,39.58466666666666,Alice
153.wav,39.58466666666666,49.13333333333333,Frank
153.wav,49.13333333333333,56.46266666666666,Ben
153.wav,56.46266666666666,63.92066666666666,Eva
153.wav,63.92066666666666,71.65599999999999,Alice
153.wav,71.65599999999999,77.95133333333332,Frank
153.wav,77.95133333333332,87.15866666666666,Ben
153.wav,87.15866666666666,96.34466666666664,Eva
153.wav,96.34466666666664,104.784,Alice
153.wav,104.784,106.95066666666666,Frank
153.wav,106.95066666666666,108.51933333333334,Ben
153.wav,108.51933333333334,111.39,Eva
153.wav,111.39,117.64266666666668,Alice
83.wav,0.0,11.126666666666669,Henry
83.wav,11.126666666666669,17.934,Alice
83.wav,17.934,24.10066666666667,Henry
83.wav,24.10066666666667,28.91266666666667,Cathy
83.wav,28.91266666666667,36.05,Isabella
83.wav,36.05,44.89533333333334,Grace
83.wav,44.89533333333334,51.10533333333334,Alice
83.wav,51.10533333333334,59.022000000000006,Henry
83.wav,59.022000000000006,64.90133333333334,Cathy
83.wav,64.90133333333334,71.15333333333334,Isabella
83.wav,71.15333333333334,76.89333333333333,Grace
83.wav,76.89333333333333,85.33266666666667,Alice
83.wav,85.33266666666667,92.65266666666668,Henry
91.wav,0.0,4.449333333333334,Frank
91.wav,4.449333333333334,9.272,Alice
91.wav,9.272,14.137333333333334,Grace
91.wav,14.137333333333334,18.810666666666663,Isabella
91.wav,18.810666666666663,25.308,Eva
10.wav,0.0,2.5926666666666667,Cathy
10.wav,2.5926666666666667,8.706,Isabella
10.wav,8.706,13.251333333333331,Ben
10.wav,13.251333333333331,18.020666666666667,Cathy
10.wav,18.020666666666667,22.320666666666668,Isabella
10.wav,22.320666666666668,28.711333333333336,Henry
10.wav,28.711333333333336,32.74466666666667,Cathy
10.wav,32.74466666666667,34.74,Isabella
10.wav,34.74,38.026,Ben
10.wav,38.026,43.809333333333335,Henry
10.wav,43.809333333333335,47.512,Cathy
10.wav,47.512,50.93666666666667,Isabella
10.wav,50.93666666666667,53.764,Ben
10.wav,53.764,58.20266666666667,Henry
171.wav,0.0,5.793333333333333,Ben
171.wav,5.793333333333333,11.96,Eva
171.wav,11.96,19.65266666666667,Grace
171.wav,19.65266666666667,26.18266666666667,Alice
171.wav,26.18266666666667,29.93866666666667,Ben
171.wav,29.93866666666667,32.99066666666667,Eva
171.wav,32.99066666666667,34.282000000000004,Grace
171.wav,34.282000000000004,35.94666666666667,Alice
196.wav,0.0,3.382,Cathy
196.wav,3.382,9.772666666666666,Alice
196.wav,9.772666666666666,17.402,Cathy
196.wav,17.402,25.702,Alice
196.wav,25.702,30.98333333333333,Cathy
196.wav,30.98333333333333,36.07333333333334,Alice
65.wav,0.0,5.697333333333333,Alice
65.wav,5.697333333333333,10.787333333333333,Grace
65.wav,10.787333333333333,18.47,Frank
65.wav,18.47,23.272,Cathy
65.wav,23.272,30.868666666666662,Eva
65.wav,30.868666666666662,41.154,Alice
65.wav,41.154,47.876,Grace
65.wav,47.876,56.42333333333333,Frank
65.wav,56.42333333333333,62.762,Cathy
65.wav,62.762,67.852,Eva
65.wav,67.852,72.29133333333334,Alice
65.wav,72.29133333333334,75.29,Grace
65.wav,75.29,78.16066666666667,Frank
65.wav,78.16066666666667,81.54333333333334,Cathy
65.wav,81.54333333333334,86.07866666666666,Eva
189.wav,0.0,7.041333333333333,Ben
189.wav,7.041333333333333,17.891333333333332,Grace
189.wav,17.891333333333332,29.616666666666667,Alice
189.wav,29.616666666666667,39.26133333333333,Isabella
189.wav,39.26133333333333,48.48,David
189.wav,48.48,57.69800000000001,Ben
189.wav,57.69800000000001,66.27533333333334,Grace
189.wav,66.27533333333334,76.56066666666666,Alice
189.wav,76.56066666666666,88.96933333333332,Isabella
189.wav,88.96933333333332,101.91066666666666,David
189.wav,101.91066666666666,112.11,Ben
189.wav,112.11,123.28066666666663,Grace
14.wav,0.0,5.697333333333333,Alice
14.wav,5.697333333333333,9.496,Frank
14.wav,9.496,13.945333333333332,Alice
14.wav,13.945333333333332,19.504,Frank
14.wav,19.504,26.684,Alice
14.wav,26.684,32.53066666666666,Frank
14.wav,32.53066666666666,40.447333333333326,Alice
14.wav,40.447333333333326,45.64333333333333,Frank
175.wav,0.0,7.702666666666666,Ben
175.wav,7.702666666666666,19.982,Alice
175.wav,19.982,32.784,Frank
175.wav,32.784,51.048,Ben
175.wav,51.048,62.634,Alice
175.wav,62.634,77.19666666666667,Frank
175.wav,77.19666666666667,88.78266666666667,Ben
175.wav,88.78266666666667,100.23,Alice
175.wav,100.23,107.97533333333334,Frank
175.wav,107.97533333333334,119.476,Ben
175.wav,119.476,129.16266666666667,Alice
175.wav,129.16266666666667,131.24333333333334,Frank
186.wav,0.0,5.932,Grace
186.wav,5.932,13.849333333333334,Frank
186.wav,13.849333333333334,20.752,Grace
31.wav,0.0,5.516,David
31.wav,5.516,9.133333333333333,Cathy
31.wav,9.133333333333333,13.721333333333334,Eva
31.wav,13.721333333333334,19.706666666666667,David
31.wav,19.706666666666667,24.241333333333333,Cathy
31.wav,24.241333333333333,29.436666666666667,Eva
31.wav,29.436666666666667,38.004666666666665,Cathy
31.wav,38.004666666666665,43.66,David
31.wav,43.66,49.12266666666666,Eva
31.wav,49.12266666666666,56.15466666666666,Cathy
31.wav,56.15466666666666,61.20133333333333,David
31.wav,61.20133333333333,65.88533333333332,Eva
150.wav,0.0,6.54,Eva
150.wav,6.54,18.404,Henry
150.wav,18.404,29.947333333333333,Grace
150.wav,29.947333333333333,42.312666666666665,Isabella
150.wav,42.312666666666665,55.06133333333333,Eva
150.wav,55.06133333333333,73.68866666666666,Henry
150.wav,73.68866666666666,87.27933333333333,Grace
150.wav,87.27933333333333,100.66866666666668,Isabella
150.wav,100.66866666666668,110.686,Eva
2.wav,0.0,7.094666666666667,Cathy
2.wav,7.094666666666667,22.595333333333336,David
2.wav,22.595333333333336,28.570666666666668,Cathy
2.wav,28.570666666666668,37.138000000000005,David
2.wav,37.138000000000005,44.26533333333334,Cathy
2.wav,44.26533333333334,53.398,David
2.wav,53.398,60.74933333333334,Cathy
2.wav,60.74933333333334,70.01,David
2.wav,70.01,79.60133333333334,Cathy
2.wav,79.60133333333334,89.38466666666667,David
139.wav,0.0,5.974666666666667,Alice
139.wav,5.974666666666667,11.949333333333334,Grace
139.wav,11.949333333333334,15.704666666666666,Frank
139.wav,15.704666666666666,18.990666666666662,Isabella
139.wav,18.990666666666662,26.778666666666663,Alice
139.wav,26.778666666666663,33.63933333333333,Grace
139.wav,33.63933333333333,43.83866666666667,Frank
139.wav,43.83866666666667,51.86133333333333,Alice
139.wav,51.86133333333333,61.09,Grace
139.wav,61.09,72.01533333333333,Frank
139.wav,72.01533333333333,78.91799999999999,Alice
139.wav,78.91799999999999,90.31266666666666,Grace
139.wav,90.31266666666666,102.73133333333332,Frank
139.wav,102.73133333333332,109.218,Alice
139.wav,109.218,120.164,Grace
139.wav,120.164,132.20933333333332,Frank
139.wav,132.20933333333332,138.1413333333333,Alice
139.wav,138.1413333333333,149.48266666666663,Grace
139.wav,149.48266666666663,163.20266666666663,Frank
139.wav,163.20266666666663,169.27333333333328,Alice
139.wav,169.27333333333328,181.2333333333333,Grace
139.wav,181.2333333333333,191.42266666666663,Frank
139.wav,191.42266666666663,197.72799999999995,Alice
139.wav,197.72799999999995,208.34399999999997,Grace
139.wav,208.34399999999997,222.34133333333327,Frank
139.wav,222.34133333333327,230.77999999999997,Alice
139.wav,230.77999999999997,241.2146666666666,Grace
139.wav,241.2146666666666,251.2326666666666,Frank
139.wav,251.2326666666666,257.122,Alice
139.wav,257.122,269.7326666666666,Grace
139.wav,269.7326666666666,280.4339999999999,Frank
139.wav,280.4339999999999,286.6966666666666,Alice
139.wav,286.6966666666666,298.0913333333333,Grace
139.wav,298.0913333333333,312.1313333333333,Frank
139.wav,312.1313333333333,320.9433333333333,Alice
139.wav,320.9433333333333,332.1033333333333,Grace
139.wav,332.1033333333333,343.7753333333334,Frank
139.wav,343.7753333333334,349.7073333333334,Alice
139.wav,349.7073333333334,360.2273333333334,Grace
139.wav,360.2273333333334,369.6266666666667,Frank
139.wav,369.6266666666667,374.9933333333334,Alice
139.wav,374.9933333333334,385.5133333333334,Grace
139.wav,385.5133333333334,394.23,Frank
139.wav,394.23,400.6206666666667,Alice
139.wav,400.6206666666667,411.9726666666666,Grace
139.wav,411.9726666666666,425.83133333333336,Frank
139.wav,425.83133333333336,432.2753333333334,Alice
139.wav,432.2753333333334,442.69933333333336,Grace
139.wav,442.69933333333336,452.33333333333337,Frank
139.wav,452.33333333333337,458.31866666666673,Alice
139.wav,458.31866666666673,468.5186666666667,Grace
139.wav,468.5186666666667,481.85466666666673,Frank
139.wav,481.85466666666673,486.9120000000001,Alice
139.wav,486.9120000000001,498.87200000000007,Grace
139.wav,498.87200000000007,508.36800000000005,Frank
139.wav,508.36800000000005,517.4146666666667,Alice
139.wav,517.4146666666667,528.532,Grace
139.wav,528.532,543.4573333333334,Frank
139.wav,543.4573333333334,550.1360000000001,Alice
139.wav,550.1360000000001,561.1573333333334,Grace
139.wav,561.1573333333334,569.8206666666667,Frank
139.wav,569.8206666666667,575.4753333333334,Alice
139.wav,575.4753333333334,585.3873333333335,Grace
139.wav,585.3873333333335,600.1846666666668,Frank
139.wav,600.1846666666668,605.5086666666667,Alice
139.wav,605.5086666666667,616.8713333333334,Grace
139.wav,616.8713333333334,627.3806666666667,Frank
139.wav,627.3806666666667,635.1793333333334,Alice
139.wav,635.1793333333334,646.8620000000001,Grace
139.wav,646.8620000000001,662.2033333333334,Frank
139.wav,662.2033333333334,669.0206666666667,Alice
139.wav,669.0206666666667,680.6606666666667,Grace
139.wav,680.6606666666667,690.028,Frank
139.wav,690.028,696.056,Alice
139.wav,696.056,706.672,Grace
139.wav,706.672,721.7466666666667,Frank
139.wav,721.7466666666667,726.932,Alice
139.wav,726.932,738.3693333333333,Grace
139.wav,738.3693333333333,748.0466666666666,Frank
139.wav,748.0466666666666,755.9306666666666,Alice
139.wav,755.9306666666666,767.2719999999999,Grace
139.wav,767.2719999999999,781.2159999999999,Frank
139.wav,781.2159999999999,787.5106666666666,Alice
139.wav,787.5106666666666,798.7773333333332,Grace
139.wav,798.7773333333332,807.8139999999999,Frank
139.wav,807.8139999999999,814.0659999999998,Alice
139.wav,814.0659999999998,823.8926666666665,Grace
139.wav,823.8926666666665,837.1859999999998,Frank
139.wav,837.1859999999998,843.9606666666665,Alice
139.wav,843.9606666666665,855.3873333333331,Grace
139.wav,855.3873333333331,865.4379999999998,Frank
139.wav,865.4379999999998,872.8099999999997,Alice
139.wav,872.8099999999997,884.1619999999997,Grace
139.wav,884.1619999999997,898.671333333333,Frank
139.wav,898.671333333333,904.3259999999996,Alice
139.wav,904.3259999999996,915.7739999999995,Grace
139.wav,915.7739999999995,924.1066666666665,Frank
139.wav,924.1066666666665,935.6406666666664,Alice
117.wav,0.0,4.065333333333333,Frank
117.wav,4.065333333333333,7.820666666666666,Grace
117.wav,7.820666666666666,10.370666666666663,David
117.wav,10.370666666666663,14.766666666666666,Frank
117.wav,14.766666666666666,16.57,David
117.wav,16.57,20.646,Grace
117.wav,20.646,24.77466666666667,Frank
117.wav,24.77466666666667,30.00266666666667,David
117.wav,30.00266666666667,36.07333333333334,Frank
117.wav,36.07333333333334,43.54133333333334,Grace
117.wav,43.54133333333334,50.58333333333334,David
117.wav,50.58333333333334,53.77400000000001,Frank
117.wav,53.77400000000001,57.33800000000001,Grace
164.wav,0.0,12.087333333333332,David
164.wav,12.087333333333332,24.196,Isabella
164.wav,24.196,31.194666666666663,David
164.wav,31.194666666666663,45.01,Isabella
164.wav,45.01,54.004,David
164.wav,54.004,59.050666666666665,Isabella
164.wav,59.050666666666665,62.934666666666665,David
68.wav,0.0,7.606666666666666,Grace
68.wav,7.606666666666666,18.136666666666667,Frank
68.wav,18.136666666666667,24.154666666666667,Grace
68.wav,24.154666666666667,32.775333333333336,Frank
68.wav,32.775333333333336,38.526,Grace
68.wav,38.526,49.51466666666667,Frank
68.wav,49.51466666666667,55.39333333333334,Grace
68.wav,55.39333333333334,63.45933333333334,Frank
68.wav,63.45933333333334,68.22866666666667,Grace
68.wav,68.22866666666667,73.32866666666666,Frank
68.wav,73.32866666666666,80.84,Grace
68.wav,80.84,83.51866666666668,Frank
109.wav,0.0,4.865333333333333,Alice
109.wav,4.865333333333333,9.133333333333333,David
109.wav,9.133333333333333,14.414666666666664,Grace
109.wav,14.414666666666664,19.130666666666663,Isabella
109.wav,19.130666666666663,23.665333333333333,Eva
109.wav,23.665333333333333,26.63133333333333,Alice
109.wav,26.63133333333333,32.936,David
109.wav,32.936,38.27,Grace
109.wav,38.27,43.31666666666666,Isabella
109.wav,43.31666666666666,48.330666666666666,Eva
109.wav,48.330666666666666,55.41533333333333,Alice
109.wav,55.41533333333333,59.864666666666665,David
109.wav,59.864666666666665,65.01733333333333,Grace
109.wav,65.01733333333333,72.33666666666666,Isabella
109.wav,72.33666666666666,78.40733333333333,Eva
109.wav,78.40733333333333,81.928,Alice
109.wav,81.928,89.48133333333332,David
109.wav,89.48133333333332,97.27933333333333,Grace
109.wav,97.27933333333333,103.49933333333333,Isabella
109.wav,103.49933333333333,108.876,Eva
109.wav,108.876,116.334,Alice
109.wav,116.334,121.98866666666666,David
109.wav,121.98866666666666,125.46666666666664,Grace
109.wav,125.46666666666664,130.236,Isabella
109.wav,130.236,134.96266666666665,Eva
177.wav,0.0,5.974666666666667,Isabella
177.wav,5.974666666666667,12.930666666666667,David
177.wav,12.930666666666667,19.843333333333334,Henry
177.wav,19.843333333333334,26.65,Grace
177.wav,26.65,34.29933333333333,Eva
177.wav,34.29933333333333,39.026,Isabella
177.wav,39.026,44.446,David
177.wav,44.446,55.391333333333336,Henry
177.wav,55.391333333333336,62.43266666666667,Grace
177.wav,62.43266666666667,67.85266666666666,Eva
177.wav,67.85266666666666,76.24866666666667,Isabella
177.wav,76.24866666666667,80.602,David
87.wav,0.0,10.007333333333332,David
87.wav,10.007333333333332,25.540666666666667,Ben
87.wav,25.540666666666667,41.86333333333333,Henry
87.wav,41.86333333333333,57.76,Isabella
87.wav,57.76,72.312,Frank
87.wav,72.312,79.11933333333333,David
87.wav,79.11933333333333,85.42466666666667,Ben
87.wav,85.42466666666667,89.084,Henry
87.wav,89.084,94.79133333333334,Isabella
87.wav,94.79133333333334,101.33133333333336,Frank
194.wav,0.0,5.516,Eva
194.wav,5.516,11.811333333333334,Cathy
194.wav,11.811333333333334,19.36466666666667,Ben
194.wav,19.36466666666667,28.732,Eva
194.wav,28.732,41.3,Cathy
194.wav,41.3,53.196,Ben
194.wav,53.196,56.38666666666666,Eva
120.wav,0.0,6.913333333333333,Frank
120.wav,6.913333333333333,11.170666666666666,Ben
120.wav,11.170666666666666,17.476,Frank
120.wav,17.476,26.608666666666664,Ben
71.wav,0.0,7.414666666666666,Grace
71.wav,7.414666666666666,14.03,Frank
71.wav,14.03,25.296,David
71.wav,25.296,30.438666666666663,Grace
71.wav,30.438666666666663,39.15533333333333,David
71.wav,39.15533333333333,47.34933333333333,Frank
71.wav,47.34933333333333,58.199333333333335,Grace
71.wav,58.199333333333335,63.108,David
93.wav,0.0,10.486,David
93.wav,10.486,19.532,Cathy
93.wav,19.532,28.119333333333334,Grace
93.wav,28.119333333333334,35.448,Alice
93.wav,35.448,47.33133333333333,Henry
93.wav,47.33133333333333,55.364,David
93.wav,55.364,73.51933333333334,Cathy
93.wav,73.51933333333334,85.21066666666667,Grace
93.wav,85.21066666666667,94.118,Alice
93.wav,94.118,104.56133333333332,Henry
93.wav,104.56133333333332,113.234,David
93.wav,113.234,118.056,Cathy
28.wav,0.0,4.960666666666667,Grace
28.wav,4.960666666666667,16.96333333333333,Frank
28.wav,16.96333333333333,23.588666666666665,Grace
28.wav,23.588666666666665,31.558666666666664,Frank
28.wav,31.558666666666664,36.936,Grace
28.wav,36.936,43.188,Frank
28.wav,43.188,49.344,Grace
28.wav,49.344,55.190666666666665,Frank
184.wav,0.0,6.955333333333333,Henry
184.wav,6.955333333333333,11.586,Eva
184.wav,11.586,21.272666666666662,David
184.wav,21.272666666666662,28.132666666666665,Frank
184.wav,28.132666666666665,36.80533333333333,Henry
184.wav,36.80533333333333,43.52666666666666,Eva
184.wav,43.52666666666666,53.64066666666666,David
184.wav,53.64066666666666,59.017333333333326,Frank
184.wav,59.017333333333326,63.55199999999999,Henry
184.wav,63.55199999999999,69.398,Eva
184.wav,69.398,75.33,David
184.wav,75.33,81.764,Frank
184.wav,81.764,91.64266666666666,Henry
184.wav,91.64266666666666,97.35066666666664,Eva
184.wav,97.35066666666664,103.048,David
184.wav,103.048,112.22333333333331,Frank
184.wav,112.22333333333331,121.32266666666663,Henry
184.wav,121.32266666666663,126.188,Eva
184.wav,126.188,133.09066666666666,David
184.wav,133.09066666666666,140.08933333333334,Frank
184.wav,140.08933333333334,146.85333333333335,Henry
35.wav,0.0,10.807333333333334,Isabella
35.wav,10.807333333333334,16.964,Ben
35.wav,16.964,28.134,Isabella
35.wav,28.134,38.79266666666667,Ben
35.wav,38.79266666666667,53.216,Isabella
35.wav,53.216,63.65,Ben
35.wav,63.65,77.37933333333334,Isabella
35.wav,77.37933333333334,85.57333333333334,Ben
183.wav,0.0,6.86,Isabella
183.wav,6.86,17.74266666666667,Eva
183.wav,17.74266666666667,27.195333333333338,David
183.wav,27.195333333333338,32.978,Cathy
183.wav,32.978,44.148,Ben
183.wav,44.148,54.43266666666667,Isabella
183.wav,54.43266666666667,58.274,Eva
183.wav,58.274,65.82733333333333,David
183.wav,65.82733333333333,70.68199999999999,Cathy
183.wav,70.68199999999999,75.77133333333332,Ben
69.wav,0.0,8.022666666666666,Ben
69.wav,8.022666666666666,17.56133333333333,Isabella
69.wav,17.56133333333333,30.224,Ben
69.wav,30.224,38.88733333333333,Isabella
69.wav,38.88733333333333,44.58466666666666,Ben
26.wav,0.0,6.998666666666667,Isabella
26.wav,6.998666666666667,14.723333333333333,David
26.wav,14.723333333333333,17.775333333333332,Ben
26.wav,17.775333333333332,21.766,Eva
26.wav,21.766,35.26133333333333,David
26.wav,35.26133333333333,44.98133333333333,Isabella
26.wav,44.98133333333333,55.13733333333333,David
26.wav,55.13733333333333,63.246,Ben
26.wav,63.246,69.31666666666666,Eva
26.wav,69.31666666666666,77.09533333333333,David
162.wav,0.0,5.793333333333333,Alice
162.wav,5.793333333333333,15.427333333333332,David
162.wav,15.427333333333332,23.172666666666665,Cathy
162.wav,23.172666666666665,35.36666666666667,Henry
162.wav,35.36666666666667,44.958,Alice
162.wav,44.958,52.14866666666666,David
162.wav,52.14866666666666,61.888666666666666,Cathy
162.wav,61.888666666666666,73.486,Henry
162.wav,73.486,80.42133333333334,Alice
176.wav,0.0,6.678,Ben
176.wav,6.678,10.572666666666668,Henry
176.wav,10.572666666666668,17.902,Ben
176.wav,17.902,27.45066666666667,Henry
176.wav,27.45066666666667,39.42066666666667,Ben
176.wav,39.42066666666667,47.62533333333334,Henry
176.wav,47.62533333333334,56.71466666666667,Ben
176.wav,56.71466666666667,66.914,Henry
176.wav,66.914,78.372,Ben
176.wav,78.372,88.05933333333333,Henry
176.wav,88.05933333333333,98.39733333333332,Ben
176.wav,98.39733333333332,107.51933333333332,Henry
176.wav,107.51933333333332,111.55266666666664,Ben
66.wav,0.0,6.902666666666667,Isabella
66.wav,6.902666666666667,11.854,David
66.wav,11.854,26.832666666666668,Isabella
66.wav,26.832666666666668,36.66866666666667,David
66.wav,36.66866666666667,44.606,Isabella
66.wav,44.606,57.632000000000005,David
66.wav,57.632000000000005,65.73066666666668,Isabella
49.wav,0.0,6.433333333333334,Frank
49.wav,6.433333333333334,13.742,Alice
49.wav,13.742,23.42933333333333,Frank
49.wav,23.42933333333333,32.23133333333333,Alice
49.wav,32.23133333333333,40.39266666666666,Frank
49.wav,40.39266666666666,46.922,Alice
49.wav,46.922,51.03066666666666,Frank
49.wav,51.03066666666666,58.67999999999999,Alice
49.wav,58.67999999999999,64.60199999999999,Frank
49.wav,64.60199999999999,72.10266666666665,Alice
49.wav,72.10266666666665,80.58466666666665,Frank
49.wav,80.58466666666665,86.19666666666664,Alice
49.wav,86.19666666666664,93.42999999999998,Frank
49.wav,93.42999999999998,100.87733333333333,Alice
49.wav,100.87733333333333,107.91999999999996,Frank
49.wav,107.91999999999996,110.09666666666664,Alice
49.wav,110.09666666666664,122.3333333333333,Frank
49.wav,122.3333333333333,131.68999999999997,Alice
49.wav,131.68999999999997,136.82199999999995,Frank
49.wav,136.82199999999995,140.52466666666663,Alice
155.wav,0.0,4.268,Alice
155.wav,4.268,8.152,Eva
155.wav,8.152,15.012666666666666,David
155.wav,15.012666666666666,19.504666666666665,Alice
155.wav,19.504666666666665,23.164666666666665,Eva
51.wav,0.0,5.281333333333333,Cathy
51.wav,5.281333333333333,12.558,Grace
51.wav,12.558,17.27466666666667,David
51.wav,17.27466666666667,23.84733333333333,Eva
51.wav,23.84733333333333,32.510666666666665,Ben
51.wav,32.510666666666665,44.15,Cathy
51.wav,44.15,51.96066666666667,Grace
51.wav,51.96066666666667,60.90133333333333,David
51.wav,60.90133333333333,70.12,Eva
51.wav,70.12,78.92266666666667,Ben
51.wav,78.92266666666667,89.90133333333334,Cathy
51.wav,89.90133333333334,94.852,Grace
51.wav,94.852,99.93133333333334,David
51.wav,99.93133333333334,105.864,Eva
51.wav,105.864,112.54266666666668,Ben
52.wav,0.0,7.554,Grace
52.wav,7.554,17.561333333333334,David
52.wav,17.561333333333334,26.416666666666668,Henry
52.wav,26.416666666666668,37.21333333333334,Alice
52.wav,37.21333333333334,42.868,Ben
52.wav,42.868,54.444,Grace
52.wav,54.444,64.30266666666667,Alice
52.wav,64.30266666666667,73.798,David
52.wav,73.798,83.026,Henry
52.wav,83.026,91.60333333333332,Ben
52.wav,91.60333333333332,100.458,Grace
52.wav,100.458,108.758,Alice
52.wav,108.758,120.546,David
52.wav,120.546,125.73133333333332,Henry
52.wav,125.73133333333332,134.5,Ben
52.wav,134.5,141.69066666666666,Grace
